keys,en,ca
bio_elonmusk,"Elon Musk is a South African-born Canadian-American businessman, inventor, and investor who has a net worth of $333 billion. Elon Musk is currently the richest person in the world. In November 2021, when his net worth briefly topped $340 billion, Elon surpassed John D. Rockefeller to become the richest person in modern history.","Elon Musk és un home de negocis, inventor i inversor canadenc-nord-americà nascut a Sud-àfrica que té un valor net de 333.000 milions de dòlars. És actualment la persona més rica del món. El novembre de 2021, quan el seu patrimoni net va superar breument els 340.000 milions de dòlars, Elon va superar a John D. Rockefeller per convertir-se en la persona més rica de la història moderna."
bio_jeffbezos,"Jeff Bezos is an American philanthropist, businessman and space explorer who has a net worth of $226 billion. Jeff Bezos earned his fortune as the founder of Amazon.com. Jeff Bezos is the former CEO and current president and chairman of the board of Amazon. He was the richest person in the world without interruption between October 2017 and January 2021.","Jeff Bezos és un filantrop, home de negocis i explorador espacial nord-americà que té un patrimoni net de 226.000 milions de dòlars. Jeff Bezos va guanyar la seva fortuna com a fundador d'Amazon.com. Jeff Bezos és l'antic conseller delegat i actual president i president del consell d'Amazon. Va ser la persona més rica del món sense interrupcions entre octubre de 2017 i gener de 2021."
bio_larryellison,"Larry Ellison is an American billionaire entrepreneur who has a net worth of $204 billion. Larry Ellison earned his enormous fortune as the founder of software giant Oracle. He also served as CEO until September 2014. Ellison's net worth makes him one of the richest people in the world, behind other tycoons like Jeff Bezos.","Larry Ellison és un empresari multimilionari nord-americà que té un valor net de 204.000 milions de dòlars. Larry Ellison es va guanyar la seva enorme fortuna com a fundador del gegant del programari Oracle. També va exercir com a conseller delegat fins al setembre de 2014. El patrimoni net d'Ellison el converteix en una de les persones més riques del món, darrere d'altres magnats com Jeff Bezos."
bio_markzuckerberg,Mark Zuckerberg is an American technology entrepreneur and philanthropist who has a net worth of $200 billion. The vast majority of Mark's fortune is attributable to his shares in Facebook.,Mark Zuckerberg és un empresari i filantrop tecnològic nord-americà que té un valor net de 200.000 milions de dòlars. La gran majoria de la fortuna de Mark és atribuïble a les seves accions a Facebook.
bio_bernardarnault,"Bernard Arnault is a French billionaire entrepreneur who has a net worth of $181 billion. Bernard Arnault earned his fortune as the chairman and chief executive of the world's largest luxury goods company, LVMH.","Bernard Arnault és un empresari multimilionari francès que té un valor net de 181.000 milions de dòlars. Bernard Arnault va guanyar la seva fortuna com a president i conseller delegat de la companyia de productes de luxe més gran del món, LVMH."
bio_billgates,"Bill Gates is an American billionaire entrepreneur, author and philanthropist who has a net worth of $156 billion. Bill Gates earned his first fortune as the co-founder and former chairman and CEO of Microsoft. The proceeds of his sales have funded Cascade Investment LLC.","Bill Gates és un empresari, autor i filantrop multimilionari nord-americà que té un valor net de 156.000 milions de dòlars. Bill Gates va guanyar la seva primera fortuna com a cofundador i antic president i CEO de Microsoft. Els ingressos de les seves vendes han finançat Cascade Investment LLC."
bio_larrypage,"Larry Page is an American billionaire entrepreneur who has a net worth of $150 billion. Larry Page earned his fortune as the co-founder of Google, which is today known by its umbrella parent company Alphabet.","Larry Page és un empresari multimilionari nord-americà que té un valor net de 150.000 milions de dòlars. Larry Page es va guanyar la seva fortuna com a cofundador de Google, que avui és conegut per la seva empresa matriu Alphabet."
bio_steveballmer,Steve Ballmer is an American businessman and sports team owner who has a net worth of $145 billion. The vast majority of Steve Ballmer's net worth is derived from his 333.3 million shares of Microsoft stock. That is roughly 4% of the total outstanding shares. Steve is actually the company's largest individual shareholder.,"Steve Ballmer és un empresari nord-americà i propietari d'equips esportius que té un valor net de 145.000 milions de dòlars. La gran majoria del patrimoni net de Steve Ballmer es deriva dels seus 333,3 milions d'accions de Microsoft. Això és aproximadament el 4% del total de les accions en circulació. Steve és en realitat el major accionista individual de la companyia."
bio_sergeybrin,"Sergey Brin is a Russian-born American computer scientist and internet entrepreneur who has a net worth of $141 billion. Sergey Brin earned his net worth as the co-founder of Google, which today is known by umbrella parent company Alphabet. He co-founded the company with Larry Page, a classmate at Standford's computer science graduate program.","Sergey Brin és un informàtic nord-americà nascut a Rússia i empresari d'Internet que té un valor net de 141.000 milions de dòlars. Sergey Brin va guanyar el seu patrimoni net com a cofundador de Google, que avui és conegut per l'empresa matriu Alphabet. Va cofundar l'empresa amb Larry Page, un company de classe del programa de postgrau en informàtica de Standford."
bio_warrenbuffett,Warren Buffett is an American investor and philanthropist who has a net worth of $138 billion. Warren's wealth comes from his ownership stake in the holding company Berkshire Hathaway. Warren Buffett is widely considered the greatest investor of the 20th century.,Warren Buffett és un inversor i filantrop nord-americà que té un valor net de 138.000 milions de dòlars. La riquesa de Warren prové de la seva participació en el holding Berkshire Hathaway. Warren Buffett és àmpliament considerat el major inversor del segle XX.
bio_jensenhuang,"Jensen Huang is a Taiwanese-American billionaire business magnate and electrical engineer who has a net worth of $120 billion. Jensen Huang earned his fortune as the co-founder and CEO of the technology company Nvidia Corporation, which designs GPUs, APIs, and SoCs, among other hardware and software.","Jensen Huang és un magnat empresarial multimilionari taiwanès i enginyer elèctric que té un valor net de 120.000 milions de dòlars. Jensen Huang va guanyar la seva fortuna com a cofundador i CEO de l'empresa tecnològica Nvidia Corporation, que dissenya GPU, API i SoC, entre altres maquinari i programari."
bio_michaeldell,"Michael Dell is an American business executive and technology entrepreneur who has a net worth of $112 billion. Dell dropped out of college and abandoned his unfinished medical degree to start a computer repair business that would prove to be extremely profitable. This $1,000 venture eventually grew into Dell, Inc.","Michael Dell és un executiu de negocis i empresari tecnològic nord-americà que té un valor net de 112.000 milions de dòlars. Dell va abandonar la universitat i va abandonar la seva carrera mèdica inacabada per iniciar un negoci de reparació d'ordinadors que seria extremadament rendible. Aquesta empresa de 1.000 dòlars finalment es va convertir en Dell, Inc."
bio_mukeshambani,"Mukesh Ambani is an Indian businessman who has a net worth of $108 billion. Mukesh Ambani earned his net worth through his career at Reliance Industries, a Fortune 500 company, where he is chairman, managing director, and largest shareholder.","Mukesh Ambani és un empresari indi que té un valor net de 108.000 milions de dòlars. Mukesh Ambani va guanyar el seu patrimoni net a través de la seva carrera a Reliance Industries, una empresa de Fortune 500, on és president, director general i accionista més gran."
bio_françoisebettencourtmeyers,"Françoise Bettencourt-Meyers is a French author and heiress who has a net worth of $102 billion. Françoise Bettencourt-Meyers is the richest woman in the world. Françoise inherited her fortune from her mother, the late Liliane Bettencourt. Liliane was one of the principal shareholders of L'Oreal. To this day, Françoise's family still retains a 33% stake in L'Oreal. She mostly focuses on writing Bible commentaries and books on Jewish-Christian relations.","Françoise Bettencourt-Meyers és una autora i hereva francesa que té un patrimoni net de 102.000 milions de dòlars. Françoise Bettencourt-Meyers és la dona més rica del món. Françoise va heretar la seva fortuna de la seva mare, la difunta Liliane Bettencourt. Liliane era una de les principals accionistes de L'Oreal. A dia d'avui, la família de Françoise encara manté una participació del 33% a L'Oréal. Se centra principalment a escriure comentaris bíblics i llibres sobre relacions jueu-cristians."
bio_carlosslimhelu,"Carlos Slim Helu is a Mexican businessman who has a net worth of $101 billion. Carlos Slim Helu is the richest person in Mexico and one of the richest people in the world. He earned his fortune thanks to his roughly 57% stake in the mobile phone giant America Movil. He also holds large stakes in the banking and insurance company Grupo Financiero Inbursa and holding company Grupo Carso, and other stakes in companies including Minera Frisco and the New York Time","Carlos Slim Helu és un empresari mexicà que té un patrimoni net de 101.000 milions de dòlars. Carlos Slim Helu és la persona més rica de Mèxic i una de les persones més riques del món. Va guanyar la seva fortuna gràcies a la seva participació d'aproximadament el 57% al gegant de la telefonia mòbil America Mòvil. També té grans participacions en la companyia bancària i d'assegurances Grupo Financiero Inbursa i el holding Grupo Carso, i altres participacions en empreses com Minera Frisco i New York Time."
bio_gautamadani,"Gautam Adani is an Indian entrepreneur who has a net worth of $101 billion. Gautam Adani is a billionaire industrialist and philanthropist from India, best known as the founder and chairman of the multinational conglomerate Adani Group.","Gautam Adani és un empresari indi que té un valor net de 101.000 milions de dòlars. Gautam Adani és un industrial multimilionari i filantrop de l'Índia, més conegut com a fundador i president del conglomerat multinacional Adani Group."
bio_amancioortegagaona,"Amancio Ortega Gaona is a Spanish fashion executive and entrepreneur who has a net worth of $85 billion. Amancio Ortega Gaona earned his fortune as the founder of Inditex, which is the parent company of fashion empire Zara.","Amancio Ortega Gaona és un executiu i emprenedor de moda espanyol que té un patrimoni net de 85.000 milions de dòlars. Amancio Ortega Gaona va guanyar la seva fortuna com a fundador d'Inditex, que és l'empresa matriu de l'imperi de la moda Zara."
bio_jimwalton,"Jim Walton is an American billionaire businessman who has a net worth of $75 billion. Jim Walton is the youngest son of Walmart founder Sam Walton. Upon Sam's death, Jim and his siblings split a roughly 40% stake in their father's company.","Jim Walton és un empresari multimilionari nord-americà que té un valor net de 75.000 milions de dòlars. Jim Walton és el fill petit del fundador de Walmart, Sam Walton. A la mort de Sam, Jim i els seus germans es van dividir una participació aproximadament del 40% a l'empresa del seu pare."
bio_robwalton,"S. Robson Walton, better known as Rob Walton, is an American businessman who has a net worth of $74 billion. Rob Walton is the eldest son of the founder of Walmart, Sam Walton.","S. Robson Walton, més conegut com a Rob Walton, és un empresari nord-americà que té un patrimoni net de 74.000 milions de dòlars. Rob Walton és el fill gran del fundador de Walmart, Sam Walton."
bio_alicewalton,Alice Walton is the daughter of Walmart founder Sam Walton. Alice Walton has a net worth of $73 billion. Alice Walton is one the richest women in the world and the 20 richest people in the world.,"Alice Walton és la filla del fundador de Walmart, Sam Walton. Alice Walton té un patrimoni net de 73.000 milions de dòlars. Alice Walton és una de les dones més riques del món i les 20 persones més riques del món."
bio_michaelbloomberg,Michael Bloomberg is an American politician and entrepreneur who has a net worth of $70 billion. Michael Bloomberg earned his fortune through his financial news and information services media company Bloomberg LP.,Michael Bloomberg és un polític i empresari nord-americà que té un patrimoni net de 70.000 milions de dòlars. Michael Bloomberg va guanyar la seva fortuna a través de la seva empresa de mitjans de comunicació i serveis d'informació financera Bloomberg LP.
bio_vladimirputin,Vladimir Putin is a Russian politician who was born in the Soviet Union and has a net worth of $70 billion dollars. Vladimir Putin is currently the Acting President of the Russian Federation.,Vladimir Putin és un polític rus nascut a la Unió Soviètica i té un patrimoni net de 70.000 milions de dòlars. Vladimir Putin és actualment el president en funcions de la Federació Russa.
bio_juliaflesherkoch,Julia Flesher Koch is an American businesswoman and philanthropist who has a net worth of $63 billion. Julia Flesher Koch inherited her fortune as the widow of billionaire tycoon David Koch.,Julia Flesher Koch és una empresaria i filantropa nord-americana que té un patrimoni net de 63.000 milions de dòlars. Julia Flesher Koch va heretar la seva fortuna com a vídua del magnat multimilionari David Koch.
bio_charleskoch,"Charles Koch is an American businessman who has a net worth of $60 billion. For much of his adult life, Charles has been co-owner of Koch Industries, along with brother David.","Charles Koch és un empresari nord-americà que té un valor net de 60.000 milions de dòlars. Durant gran part de la seva vida adulta, Charles ha estat copropietari de Koch Industries, juntament amb el germà David."
bio_jacquelinemars,"Jacqueline Mars is a billionaire heiress and philanthropist who has a net worth of $55 billion. Jacqueline Mars is the daughter of Forrest Edward Mars, Sr., and granddaughter of Frank C. Mars,","Jacqueline Mars és una hereva i filantropa multimilionària que té un valor net de 55.000 milions de dòlars. Jacqueline Mars és filla de Forrest Edward Mars, Sr., i néta de Frank C. Mars,"
bio_johnmars,"John Mars is a Wyoming-based businessman who has a net worth of $54 billion. John Mars serves as the chairman of the multinational Mars corporation. A member of the prominent Mars family, he is the grandson of Frank C. Mars, who started the eponymous confectionery and food company in Tacoma, Washington in 1911. ","John Mars és un empresari de Wyoming que té un valor net de 54.000 milions de dòlars. John Mars és el president de la multinacional Mars Corporation. Membre de la destacada família Mars, és nét de Frank C. Mars, que va fundar l'empresa homònima de pastisseria i alimentació a Tacoma, Washington el 1911. "
bio_davidthomson,"David Thomson, the 3rd Baron Thomson of Fleet, is a Canadian businessman, media magnate, art collector who has a net worth of $50 billion. David Thomson is the Chairman of the Thomson Reuters corporation and his family is the richest in Canada.","David Thomson, el tercer baró Thomson de Fleet, és un empresari canadenc, magnat dels mitjans de comunicació i col·leccionista d'art que té un patrimoni net de 50.000 milions de dòlars. David Thomson és el president de la corporació Thomson Reuters i la seva família és la més rica del Canadà."
bio_colinhuang,"Colin Huang is a Chinese businessman, philanthropist, and investor who has a net worth of $49 billion. Colin Huang is best known for being the founder and former CEO of Pinduoduo, China's largest e-commerce platform. Pinduoduo is owned by PDD Holdings, which also owns e-commerce giant Temu.","Colin Huang és un empresari, filantrop i inversor xinès que té un valor net de 49.000 milions de dòlars. Colin Huang és conegut sobretot per ser el fundador i antic conseller delegat de Pinduoduo, la plataforma de comerç electrònic més gran de la Xina. Pinduoduo és propietat de PDD Holdings, que també és propietari del gegant del comerç electrònic Temu."
bio_zhongshanshan,Zhong Shanshan is a Chinese businessman and entrepreneur who has a net worth of $47 billion. Zhong Shanshan earned his fortune thanks to the Chinese bottled water company Nongfu Spring and the Beijing Wantai Biological Pharmacy.,Zhong Shanshan és un empresari i emprenedor xinès que té un valor net de 47.000 milions de dòlars. Zhong Shanshan va guanyar la seva fortuna gràcies a l'empresa xinesa d'aigua embotellada Nongfu Spring i la Farmàcia Biològica Wantai de Beijing.
bio_jeffyass,Jeff Yass is a billionaire businessman who has a net worth of $46 billion. Jeff Yass earned his fortune as the co-founder of the Philadelphia-based trading and technology firm Susquehanna International Group.,"Jeff Yass és un empresari multimilionari que té un valor net de 46.000 milions de dòlars. Jeff Yass va guanyar la seva fortuna com a cofundador de la firma comercial i tecnològica Susquehanna International Group, amb seu a Filadèlfia."
bio_gerardwertheimer,Gerard Wertheimer is a French businessman who has a net worth of $45 billion. He is best known for owning and operating The House of Chanel perfume company. Their grandfather Pierre co-founded the House of Chanel with Coco Chanel.,Gerard Wertheimer és un empresari francès que té un patrimoni net de 45.000 milions de dòlars. És més conegut per posseir i operar l'empresa de perfums The House of Chanel. El seu avi Pierre va cofundar la House of Chanel amb Coco Chanel.
bio_alainwertheimer,Alain Wertheimer is a French businessman who has a net worth of $45 billion. Alain Wertheimer and his brother Gerard own the controlling interest in the House of Chanel. The brothers are also invested in Bell & Ross. Their grandfather Pierre co-founded the House of Chanel with Coco Chanel.,Alain Wertheimer és un empresari francès que té un patrimoni net de 45.000 milions de dòlars. Alain Wertheimer i el seu germà Gerard posseeixen la participació de control a la Casa Chanel. Els germans també estan invertits en Bell & Ross. El seu avi Pierre va cofundar la House of Chanel amb Coco Chanel.
bio_zhangyiming,"Zhang Yiming is a Chinese businessman and entrepreneur who has a net worth of $44 billion. Zhang Yiming is a billionaire Chinese Internet entrepreneur, best known for co-founding the company ByteDance and developing its popular video-sharing service TikTok.","Zhang Yiming és un empresari i emprenedor xinès que té un valor net de 44.000 milions de dòlars. Zhang Yiming és un empresari multimilionari d'Internet xinès, més conegut per cofundar l'empresa ByteDance i desenvolupar el seu popular servei d'intercanvi de vídeos TikTok."
bio_philknight,"Phil Knight is an American businessman, sports fan and philanthropist who has a net worth of $43 billion. Phil Knight earned his net worth as the founder and largest individual shareholder of Nike Inc.","Phil Knight és un home de negocis, aficionat a l'esport i filantrop nord-americà que té un patrimoni net de 43.000 milions de dòlars. Phil Knight va guanyar el seu patrimoni net com a fundador i accionista individual més gran de Nike Inc."
bio_stephenschwarzman,"Stephen Schwarzman is an American businessman who has a net worth of $42 billion. Stephen earned his fortune thanks to The Blackstone Group which he co-founded. The Group currently manages nearly $650 billion in assets, particularly agressively in Real Estate.","Stephen Schwarzman és un empresari nord-americà que té un patrimoni net de 42.000 milions de dòlars. Stephen va guanyar la seva fortuna gràcies a The Blackstone Group, que va cofundar. Actualment, el grup gestiona prop de 650.000 milions de dòlars en actius, especialment de manera agressiva en el sector immobiliari."
bio_changpengzhao,"Changpeng Zhao is a Chinese-Canadian business executive who has a net worth of $42 billion. Zhao is best known for founding the world's largest cryptocurrency exchange, Binance. Changpeng also serves as the CEO of this company.","Changpeng Zhao és un executiu de negocis xinès-canadenc que té un valor net de 42.000 milions de dòlars. Zhao és més conegut per fundar l'intercanvi de criptomonedes més gran del món, Binance. Changpeng també actua com a director general d'aquesta empresa."
bio_kengriffin,"Ken Griffin is an American entrepreneur who has a net worth of $41 billion. Griffin is the CEO of Citadel, a hedge fund with over $65 billion in assets under management.","Ken Griffin és un empresari nord-americà que té un valor net de 41.000 milions de dòlars. Griffin és el conseller delegat de Citadel, un fons de cobertura amb més de 65.000 milions de dòlars en actius sota gestió."
bio_giovanniferrero,"Giovanni Ferrero is an Italian businessman who has a net worth of $41 billion. Giovanni Ferrero was born in Farigliano, Italy in April 1964. He is best known for his ownership of the Ferraro Group, the world's second-largest chocolate company.","Giovanni Ferrero és un empresari italià que té un patrimoni net de 41.000 milions de dòlars. Giovanni Ferrero va néixer a Farigliano, Itàlia, l'abril de 1964. És conegut sobretot per la seva propietat del Grup Ferraro, la segona empresa de xocolata més gran del món."
bio_klausmichaelkuhne,"Klaus-Michael Kuhne has a net worth of $40 billion. Klaus-Michael Kuehne owns the global transport and logistics company Kühne + Nagel, which was co-founded by his grandfather August in 1890. He also has part-ownership of the global shipping and container transportation company Hapag-Lloyd, and is a major shareholder in the German flag-carrier Lufthansa.","Klaus-Michael Kuhne té un patrimoni net de 40.000 milions de dòlars. Klaus-Michael Kuehne és propietari de l'empresa global de transport i logística Kühne + Nagel, que va ser cofundada pel seu avi August el 1890. També és copropietat de l'empresa global de transport marítim i de contenidors Hapag-Lloyd, i és un accionista important. a la companyia de bandera alemanya Lufthansa."
bio_lenblavatnik,"Len Blavatnik is a Ukrainian-American businessman who has a net worth of $40 billion. Today, he owns the majority of Warner Music Group and the sports media company DAZN, as well as 1/5th of LyondellBasell Industries, one of the largest chemical companies in the world.","Len Blavatnik és un empresari ucraïnès-nord-americà que té un patrimoni net de 40.000 milions de dòlars. Actualment, és propietari de la majoria de Warner Music Group i de l'empresa de mitjans esportius DAZN, així com 1/5 de LyondellBasell Industries, una de les empreses químiques més grans del món."
bio_francoispinault,"François Pinault is a French luxury goods mogul who has a net worth of $40 billion. Today, he owns brands such as Gucci, Balenciaga, Yves Saint Laurent, Alexander McQueen, Puma, Brioni, and Maui Jim, among many others. In 2003 Francois appointed his son, François-Henri, to manage his collection of companies.","François Pinault és un magnat francès de productes de luxe que té un patrimoni net de 40.000 milions de dòlars. Actualment, és propietari de marques com Gucci, Balenciaga, Yves Saint Laurent, Alexander McQueen, Puma, Brioni i Maui Jim, entre moltes altres. L'any 2003 Francois va nomenar el seu fill, François-Henri, per gestionar la seva col·lecció d'empreses."
bio_mahuateng,"Pony Ma Huateng is a Chinese internet entrepreneur who has a net worth of $38 billion. Ma Huateng, nicknamed Pony, is the founder, president, chief executive officer, and executive board member of Tencent Holdings, Ltd.","Pony Ma Huateng és un empresari d'Internet xinès que té un valor net de 38.000 milions de dòlars. Ma Huateng, sobrenomenat Pony, és el fundador, president, conseller delegat i membre del consell executiu de Tencent Holdings, Ltd."
bio_mackenziescott,"MacKenzie Scott, formerly known as MacKenzie Bezos, is an American novelist, philanthropist and activist who has a net worth of $36 billion. She is known for being the wife of Amazon founder Jeff Bezos from 1993 to 2019.","MacKenzie Scott, abans conegut com MacKenzie Bezos, és un novel·lista, filantrop i activista nord-americà que té un patrimoni net de 36.000 milions de dòlars. És coneguda per ser l'esposa del fundador d'Amazon Jeff Bezos des del 1993 fins al 2019."
bio_shivnadar,"Shiv Nadar is an Indian tech tycoon who has a net worth of $35 billion. Shiv Nadar is the founder and chairman of HCL. HCL started out as an IT hardware company, and in the 1990s, it branched out to software services.","Shiv Nadar és un magnat de la tecnologia indi que té un valor net de 35.000 milions de dòlars. Shiv Nadar és el fundador i president de HCL. HCL va començar com una empresa de maquinari informàtic i, a la dècada de 1990, es va ramificar als serveis de programari."
bio_vladimirpotanin,"Vladimir Potanin is a Russian billionaire oligarch who has a net worth of $35 billion. He amassed his fortune largely via Boris Yeltsin's loans-for-shares scheme in the 90s, through which he acquired the mining and smelting company Norilsk Nickel.","Vladimir Potanin és un oligarca multimilionari rus que té un patrimoni net de 35.000 milions de dòlars. Va acumular la seva fortuna en gran part a través del programa de préstecs per accions de Boris Yeltsin als anys 90, mitjançant el qual va adquirir l'empresa de mineria i fosa Norilsk Nickel."
bio_tadashiyanai,"Tadashi Yanai is a Japanese entrepreneur who has a net worth of $35 billion. A businessman and CEO, Tadashi Yanai is the President and founder of the Japanese company, Fast Retailing, which is the umbrella company for Uniqlo retail stores.","Tadashi Yanai és un empresari japonès que té un valor net de 35.000 milions de dòlars. Empresari i conseller delegat, Tadashi Yanai és el president i fundador de l'empresa japonesa Fast Retailing, que és l'empresa paraigua de les botigues minoristes Uniqlo."
bio_jackma,"Jack Ma is a Chinese businessman and investor who has a net worth of $34 billion. He is best known as the co-founder and former executive chairman of the multinational conglomerate, Alibaba Group.",Jack Ma és un empresari i inversor xinès que té un valor net de 34.000 milions de dòlars. És més conegut com a cofundador i antic president executiu del conglomerat multinacional Alibaba Group.
bio_miriamadelson,"Miriam Adelson is an Israeli American physician, political donor and casino heiress who has a net worth of $34 billion. Miriam earned her fortune thanks to her multi-decade marriage to the late Casino magnate Sheldon Adelson.","Miriam Adelson és una metgessa israeliana nord-americana, donant política i hereva del casino que té un patrimoni net de 34.000 milions de dòlars. Miriam va guanyar fortuna gràcies al seu matrimoni de diverses dècades amb el difunt magnat del Casino Sheldon Adelson."
bio_leeshaukee,"Lee Shau Kee is a real estate mogul from Hong Kong who has a net worth of $33 billion. Born in Shunde, Guangdong, China, in 1928, Lee Shau Kee is the majority owner of Henderson Land Development, a Hong Kong-based company that works in property development, management, and construction.","Lee Shau Kee és un magnat immobiliari de Hong Kong que té un patrimoni net de 33.000 milions de dòlars. Nascut a Shunde, Guangdong, Xina, el 1928, Lee Shau Kee és el propietari majoritari de Henderson Land Development, una empresa amb seu a Hong Kong que treballa en la promoció, gestió i construcció de propietats."
bio_ericschmidt,Eric Schmidt is an American businessman and philanthropist who has a net worth of $32 billion. Eric Schmidt is most notable for being the former CEO of Google. Eric was brought in to take over as CEO from company founders Larry Page and Sergey Brin in 2001.,Eric Schmidt és un empresari i filantrop nord-americà que té un valor net de 32.000 milions de dòlars. Eric Schmidt destaca per ser l'antic CEO de Google. Eric va ser contractat per assumir el càrrec de conseller delegat dels fundadors de l'empresa Larry Page i Sergey Brin el 2001.
bio_dangilbert,Dan Gilbert is an American self-made entrepreneur who has a net worth of $32 billion dollars. Dan Gilbert earned his fortune as the founder and CEO of Quicken Loans (originally called Rock Financial).,Dan Gilbert és un empresari nord-americà fet a si mateix que té un valor net de 32.000 milions de dòlars. Dan Gilbert va guanyar la seva fortuna com a fundador i CEO de Quicken Loans (originalment anomenat Rock Financial).
bio_likashing,"Li Ka-shing is a Hong Kong-born businessman who has a net worth of $31 billion. Li Ka-shing's wealth is mostly the result of his stakes in various companies, including the real estate development firm Cheung Kong Property Holdings, the Canadian energy company Husky Energy, and the Hong Kong conglomerate CK Hutchison Holdings.","Li Ka-shing és un empresari nascut a Hong Kong que té un valor net de 31.000 milions de dòlars. La riquesa de Li Ka-shing és principalment el resultat de les seves participacions en diverses empreses, com ara l'empresa de desenvolupament immobiliari Cheung Kong Property Holdings, la companyia energètica canadenca Husky Energy i el conglomerat de Hong Kong CK Hutchison Holdings."
bio_eduardosaverin,Eduardo Saverin is a Brazilian-born internet entrepreneur who has a net worth of $30 billion. Eduardo Saverin is famous for being one of the co-founders of Facebook.,Eduardo Saverin és un empresari d'Internet nascut al Brasil que té un valor net de 30.000 milions de dòlars. Eduardo Saverin és famós per ser un dels cofundadors de Facebook.
bio_markmateschitz,"Mark Mateschitz is an Austrian billionaire who has a net worth of $30 billion. Mark Mateschitz earned his fortune as a part-owner of the energy drink company Red Bull, which his father Dietrich Mateschitz co-founded in 1984.","Mark Mateschitz és un multimilionari austríac que té un patrimoni net de 30.000 milions de dòlars. Mark Mateschitz va guanyar la seva fortuna com a copropietari de la companyia de begudes energètiques Red Bull, que el seu pare Dietrich Mateschitz va cofundar el 1984."
bio_mahavajiralongkorn,Maha Vajiralongkorn is the crown prince of Thailand and has a net worth of $30 billion.,Maha Vajiralongkorn és el príncep hereu de Tailàndia i té un patrimoni net de 30.000 milions de dòlars.
bio_dieterschwarz,Dieter Schwarz is a German entrepreneur who has a net worth of $30 billion. Dieter Schwarz inherited the Schwarz-Gruppe (Schwarz Group) from his father.,Dieter Schwarz és un empresari alemany que té un patrimoni net de 30.000 milions de dòlars. Dieter Schwarz va heretar el Schwarz-Gruppe (Grup Schwarz) del seu pare.
bio_germanlarreamotavelasco,"German Larrea Mota Velasco is a Mexican businessman who has a net worth of $30 billion. German Larrea Mota Velasco is the CEO of Grupo Mexico, the country's largest mining corporation and one of the largest copper producers in the world. What's more, he owns over 5,000 kilometers of railroads that stretch across 71% of Mexico.","German Larrea Mota Velasco és un empresari mexicà que té un patrimoni net de 30.000 milions de dòlars. German Larrea Mota Velasco és el conseller delegat de Grupo Mexico, la major empresa minera del país i un dels productors de coure més grans del món. A més, té més de 5.000 quilòmetres de ferrocarrils que s'estenen pel 71% de Mèxic."
bio_sultanofbrunei,"The Sultan of Brunei, also known as Hassanai Bolkiah Mu'izzaddin Waddaulah, has a net worth of $30 billion.","El sultà de Brunei, també conegut com Hassanai Bolkiah Mu'izzaddin Waddaulah, té un patrimoni net de 30.000 milions de dòlars."
bio_sheikhmansourbinzayedalnahyan,Sheikh Mansour bin Zayed Al Nahyan is a United Arab Emirates politician and businessman who has a net worth of 30 Billion.,El xeic Mansour bin Zayed Al Nahyan és un polític i empresari dels Emirats Àrabs Units que té un patrimoni net de 30 mil milions.
bio_alikodangote,"Aliko Dangote is a Nigerian businessman who has a net worth of $28 billion. He earned his net worth by founding The Dangote Group, which now controls much of Nigeria's commodities.","Aliko Dangote és un empresari nigerià que té un valor net de 28.000 milions de dòlars. Va guanyar el seu patrimoni net fundant The Dangote Group, que ara controla bona part de les mercaderies de Nigèria."
bio_abigailjohnson,"Abigail Johnson is an American businesswoman who has a net worth of $28 billion. Abigail Johnson is the Chairman, CEO and President of the company started by her father, Fidelity Investments.","Abigail Johnson és una empresaria nord-americana que té un patrimoni net de 28.000 milions de dòlars. Abigail Johnson és la presidenta, consellera delegada i presidenta de l'empresa iniciada pel seu pare, Fidelity Investments."
bio_hexiangjian,"He Xiangjian is the co-founder of Midea Group who has a net worth of $27 billion. He Xiangjian owns Midea, which is one of China's biggest appliances manufacturers.","He Xiangjian és el cofundador de Midea Group que té un patrimoni net de 27.000 milions de dòlars. He Xiangjian és propietari de Midea, que és un dels fabricants d'electrodomèstics més grans de la Xina."
bio_savitrijindal,"Savitri Jindal is an Indian steel baroness who has a net worth of $27 billion. Her fortune makes her the richest woman in India. Jindal inherited majority control of steel and power conglomerate O.P. Jindal Group upon the death of her husband, O.P. Jindal, who perished in a 2005 helicopter crash.","Savitri Jindal és una baronessa de l'acer índia que té un valor net de 27.000 milions de dòlars. La seva fortuna la converteix en la dona més rica de l'Índia. Jindal va heretar el control majoritari del conglomerat d'acer i energia O.P. Jindal Group després de la mort del seu marit, O.P. Jindal, que va morir en un accident d'helicòpter el 2005."
bio_rbudihartono,"R. Budi Hartono is a Chinese Indonesian tobacco billionaire who has a net worth of $26 billion. Budi Hartono and his brother have amassed their fortunes in a number of ways, owning shares in Bank Central Asia, producing palm oil, real estate ventures and other businesses","R. Budi Hartono és un multimilionari xinès del tabac indonesi que té un patrimoni net de 26.000 milions de dòlars. Budi Hartono i el seu germà han acumulat les seves fortunes de diverses maneres, com ara posseir accions al Bank Central Asia, oli de palma, diverses immobiliàries i altres empreses."
bio_andrewforrest,Andrew Forrest is a Western Australian mining magnate who has a net worth of $26 billion. Andrew Forrest is currently the non-executive chairman of the mining corporation Fortescue Metals Group.,Andrew Forrest és un magnat de la mineria d'Austràlia Occidental que té un valor net de 26.000 milions de dòlars. Andrew Forrest és actualment el president no executiu de la corporació minera Fortescue Metals Group.
bio_stefanquandt,Stefan Quandt is a German automobile heir who has a net worth of $26 billion. He and her sister Susanne inherited their father's stakes in BMW and chemical-maker Altana upon his death in 1982. ,Stefan Quandt és un hereu de l'automòbil alemany que té un patrimoni net de 26.000 milions de dòlars. Ell i la seva germana Susanne van heretar les participacions del seu pare a BMW i al fabricant químic Altana després de la seva mort el 1982. 
bio_lukaswalton,"Lukas Walton is an American businessman who has a net worth of $26 billion. Lukas is best known for being an heir of Wal-Mart. Lukas inherited his fortune from his mother Christy Walton. Christy inherited her fortune as the widow of John T. Walton, one of the children of Walmart founder, Sam Walton.","Lukas Walton és un empresari nord-americà que té un patrimoni net de 26.000 milions de dòlars. Lukas és més conegut per ser un hereu de Wal-Mart. Lukas va heretar la seva fortuna de la seva mare Christy Walton. Christy va heretar la seva fortuna com a vídua de John T. Walton, un dels fills del fundador de Walmart, Sam Walton."
bio_williamding,"William Ding is a Chinese entrepreneur who has a net worth is $26 billion. In the late 90s, he founded the internet company, NetEase. NetEase's site, 163.com, has become the 27th most visited site in the world, largely due to its multiplayer gaming applications.","William Ding és un empresari xinès que té un patrimoni net de 26.000 milions de dòlars. A finals dels 90, va fundar l'empresa d'Internet, NetEase. El lloc de NetEase, 163.com, s'ha convertit en el 27è lloc més visitat del món, en gran part a causa de les seves aplicacions de jocs multijugador."
bio_susanneklatten,"Susanne Klatten is a German businesswoman who has a net worth of $26 billion dollars. Susanne Klatten is the daughter of the late Nazi industrialist Herbert Quandt. With major holdings in BMW and the chemical company Altana, she is the richest woman in Germany and one of the richest people on the planet.","Susanne Klatten és una empresaria alemanya que té un patrimoni net de 26.000 milions de dòlars. Susanne Klatten és la filla del difunt industrial nazi Herbert Quandt. Amb importants participacions a BMW i a l'empresa química Altana, és la dona més rica d'Alemanya i una de les persones més riques del planeta."
bio_ericyuan,Eric Yuan is a Chinese American businessman and entrepreneur who has a net worth of $25 billion. Eric earned his fortune as the founder and CEO of Zoom Video Communications.,Eric Yuan és un empresari i empresari nord-americà xinès que té un valor net de 25.000 milions de dòlars. Eric va guanyar la seva fortuna com a fundador i CEO de Zoom Video Communications.
bio_dustinmoskovitz,Dustin Moskovitz is an American internet entrepreneur who has a net worth of $25 billion. Dustin Moskovitz earned his net worth as a co-founder of Facebook.,Dustin Moskovitz és un empresari nord-americà d'Internet que té un valor net de 25.000 milions de dòlars. Dustin Moskovitz va guanyar el seu patrimoni net com a cofundador de Facebook.
bio_elainemarshall,"Elaine Tettemer Marshall is an American billionaire who has a net worth of $24 billion. Elaine Marshall is a member of the Board of Koch Industries and is the widow of E. Pierce Marshall, from whom she inherited her position and wealth.","Elaine Tettemer Marshall és una multimilionària nord-americana que té un patrimoni net de 24.000 milions de dòlars. Elaine Marshall és membre de la Junta de Koch Industries i és vídua d'E. Pierce Marshall, de qui va heretar la seva posició i riquesa."
bio_takemitsutakizaki,"Takemitsu Takizaki is a Japanese billionaire who has a net worth of $24 billion. Takemitsu Takizaki is the founder of Keyence, a company which creates sensors, bar-code readers, vision systems, digital microscopes and other electronic components for factory automation systems. Even though labeled as manufacturer, Keyence specializes solely in product planning and development and does not manufacture final products. ","Takemitsu Takizaki és un multimilionari japonès que té un patrimoni net de 24.000 milions de dòlars. Takemitsu Takizaki és el fundador de Keyence, una empresa que crea sensors, lectors de codis de barres, sistemes de visió, microscopis digitals i altres components electrònics per a sistemes d'automatització de fàbriques. Tot i que està etiquetat com a fabricant, Keyence s'especialitza únicament en la planificació i desenvolupament de productes i no fabrica productes finals. "
bio_irisfontbona,"Iris Fontbona is a Chilean businesswoman who has a net worth of $24 billion. Iris Fontbona earned her fortune by marrying Andronico Luksic, who built one of the biggest copper mining companies in the world, Antofagasta.","Iris Fontbona és una empresaria xilena que té un patrimoni net de 24.000 milions de dòlars. Iris Fontbona es va guanyar fortuna casant-se amb Andronico Luksic, que va construir una de les empreses mineres de coure més grans del món, Antofagasta."
bio_forrestmarsjr,"Forrest Mars, Jr. is the eldest son of Forrest Mars Sr. and grandson of Frank C. Mars, founders of the American candy Mars.","Forrest Mars, Jr. és el fill gran de Forrest Mars Sr. i nét de Frank C. Mars, fundadors del caramel nord-americà Mars."
bio_ginarinehart,"Gina Rinehart is an Australian mining heiress who has a net worth of $23 billion. Gina Rinehart is the richest person in Australia and one of the richest people in the world. Gina currently serves as the Executive Chairwoman of Hancock Prospecting, a company she inherited from her father.","Gina Rinehart és una hereva minera australiana que té un valor net de 23.000 milions de dòlars. Gina Rinehart és la persona més rica d'Austràlia i una de les persones més riques del món. Actualment, Gina és la presidenta executiva de Hancock Prospecting, una empresa que va heretar del seu pare."
bio_wangwei,"Wang Wei is a Chinese transportation and logistics entrepreneur who has a net worth of $22 billion. Wang Wei prefers to keep a low profile running his unlisted company, SF Express, behind closed doors. His SF Express provides super-fast delivery throughout most of China's parts. It is now expanding into southeast region.","Wang Wei és un empresari xinès de transport i logística que té un valor net de 22.000 milions de dòlars. Wang Wei prefereix mantenir un perfil baix dirigint la seva empresa no cotitzada, SF Express, a porta tancada. El seu SF Express ofereix un lliurament molt ràpid a la majoria de parts de la Xina. Ara s'està expandint a la regió sud-est."
bio_qinyinglin,Qin Yinglin is a Chinese businessman and pig farmer who has a net worth of $22 billion. He made his money by being China's largest pig breeder. The country is the world's biggest pork consumer.,Qin Yinglin és un empresari i criador de porcs xinès que té un valor net de 22.000 milions de dòlars. Va guanyar diners sent el criador de porcs més gran de la Xina. El país és el major consumidor mundial de carn de porc.
bio_jamesdyson,"Sir James Dyson is a British inventor, designer, farmer and entrepreneur who has a net worth of $22 billion. He is best known for founding the technology company Dyson.","Sir James Dyson és un inventor, dissenyador, granger i empresari britànic que té un valor net de 22.000 milions de dòlars. És més conegut per fundar l'empresa tecnològica Dyson."
bio_satoshinakamoto,Satoshi Nakamoto is a computer software developer and alleged Bitcoin entrepreneur who has a net worth of $22 billion. Satoshi Nakamoto is the pseudonym used by the person or persons who created the cryptocurrency bitcoin.,Satoshi Nakamoto és un desenvolupador de programari informàtic i un suposat empresari de Bitcoin que té un valor net de 22.000 milions de dòlars. Satoshi Nakamoto és el pseudònim utilitzat per la persona o persones que van crear la criptomoneda bitcoin.
bio_davidtepper,David Tepper is an American businessman and philanthropist who has net worth of $21 billion. David Tepper earned his fortune as the founder of the hedge fund Appaloosa Management. For many years he was one of the richest people in New Jersey.,David Tepper és un empresari i filantrop nord-americà que té un valor net de 21.000 milions de dòlars. David Tepper va guanyar la seva fortuna com a fundador del fons de cobertura Appaloosa Management. Durant molts anys va ser una de les persones més riques de Nova Jersey.
bio_xuyangtian,"Xu Yangtian, better known as Chris Xu, is a Chinese fashion entrepreneur who has a net worth of $20 billion. Xu Yangtian earned his fortune as the founder of the e-commerce fast-fashion retail giant Shein.","Xu Yangtian, més conegut com a Chris Xu, és un empresari de moda xinès que té un valor net de 20.000 milions de dòlars. Xu Yangtian es va guanyar la seva fortuna com a fundador del gegant de comerç electrònic de moda ràpida Shein."
bio_leonidmikhelson,"Leonid Mikhelson is a Russian businessman who has a net worth of $20 billion dollars which makes him one of the richest people in Russia. He renamed the company, Novatek, and shepherded it through a massive restructuring that included adding oil and gas production to its pipeline and roadwork divisions.","Leonid Mikhelson és un empresari rus que té un patrimoni net de 20.000 milions de dòlars, cosa que el converteix en una de les persones més riques de Rússia. Va canviar el nom de l'empresa, Novatek, i la va impulsar a través d'una reestructuració massiva que va incloure afegir producció de petroli i gas a les seves divisions de canonades i obres de carreteres."
bio_andybechtolsheim,"Andy Bechtolsheim is a German billionaire tech entrepreneur, electrical engineer and investor who has a net worth $20 billion. Andy earned his first fortune as the founder of Sun Microsystems  but the majority of his fortune comes thanks to Google. Andy and his former Stanford professor David Cheriton were the two FIRST investors in Google.","Andy Bechtolsheim és un empresari tecnològic, enginyer elèctric i inversor multimilionari alemany que té un valor net de 20.000 milions de dòlars. Andy va guanyar la seva primera fortuna com a fundador de Sun Microsystems, però la major part de la seva fortuna ve gràcies a Google. Andy i el seu antic professor de Stanford David Cheriton van ser els dos PRIMERS inversors a Google."
bio_salmanbinabdulazizalsaud,Salman bin Abdulaziz Al Saud is the current King of Saudi Arabia. As of this writing he has a net worth of $20 billion.,"Salman bin Abdulaziz Al Saud és l'actual rei de l'Aràbia Saudita. En el moment d'escriure això, té un patrimoni net de 20.000 milions de dòlars."
bio_jorgepaulolemann,Jorge Paulo Lemann is a Brazilian billionaire investment banker and businessman who has a net worth of $20 billion. Jorge Paulo Lemann first built his fortune in the 1970s as a co-founder of Banco Garantia.,Jorge Paulo Lemann és un banquer d'inversió i empresari multimilionari brasiler que té un patrimoni net de 20.000 milions de dòlars. Jorge Paulo Lemann va construir la seva fortuna per primera vegada als anys 70 com a cofundador de Banco Garantia.
bio_johnmenard,"John Menard, Jr. Net Worth: John R. Menard, Jr. is an American entrepreneur and billionaire who a net worth of $20 billion. He is the founder and owner of Menards, a major Midwestern home improvement chain. He is also a former IndyCar racing team owner. Menard is a partner in Robby Gordon Motorsports with NASCAR owner and driver Robby Gordon.","Patrimoni net de John Menard, Jr.: John R. Menard, Jr. és un empresari i multimilionari nord-americà amb un valor net de 20.000 milions de dòlars. És el fundador i propietari de Menards, una important cadena de millores per a la llar del Midwest. També és un antic propietari de l'equip de carreres IndyCar. Menard és soci de Robby Gordon Motorsports amb el propietari i pilot de NASCAR, Robby Gordon."
bio_fayezsarofim,Fayez Sarofim was an Egyptian-American billionaire and investment manager and businessman who had a net worth of $20 billion at the time of his death in 2022.,Fayez Sarofim era un multimilionari egipci-nord-americà i gestor d'inversions i empresari que tenia un patrimoni net de 20.000 milions de dòlars en el moment de la seva mort el 2022.
bio_alexeymordashov,"Alexey Mordashov is a businessman who has a net worth of $20 billion dollars which makes him one of the richest people in Russia. He became general director in the mid-90s, and subsequently launched, Severstal, a mining conglomerate.","Alexey Mordashov és un home de negocis que té un valor net de 20.000 milions de dòlars, cosa que el converteix en una de les persones més riques de Rússia. Va esdevenir director general a mitjans dels anys 90, i posteriorment va posar en marxa Severstal, un conglomerat miner."
bio_dilipshanghvi,"Dilip Shanghvi is an Indian pharmaceutical entrepreneur who has a net worth of $20 billion. Dilip Shanghvi is the founder and managing director of Sun Pharmaceutical Industries Limited. Ever since its creation in 1982, Sun Pharma has developed into the fifth-largest drug-maker in India.","Dilip Shanghvi és un empresari farmacèutic indi que té un valor net de 20.000 milions de dòlars. Dilip Shanghvi és el fundador i director general de Sun Pharmaceutical Industries Limited. Des de la seva creació el 1982, Sun Pharma s'ha convertit en el cinquè fabricant de medicaments més gran de l'Índia."
bio_vladimirlisin,"Vladimir Lisin is a Russian steel tycoon who has a net worth of $19 billion dollars. Lisin is the chairman and majority shareholder in one of the largest steel companies in Russia, Novolipetsk (NLMK).","Vladimir Lisin és un magnat de l'acer rus que té un valor net de 19.000 milions de dòlars. Lisin és el president i accionista majoritari d'una de les empreses siderúrgiques més grans de Rússia, Novolipetsk (NLMK)."
bio_rupertmurdoch,Rupert Murdoch is an Australian media mogul who earned his fortune as the founder of News Corp. Rupert Murdoch has a net worth of $19 billion.,Rupert Murdoch és un magnat dels mitjans de comunicació australià que es va guanyar la seva fortuna com a fundador de News Corp. Rupert Murdoch té un patrimoni net de 19.000 milions de dòlars.
bio_pallonjimistry,"Pallonji Mistry is an Irish Indian billionaire who has a net worth of $19 billion dollars. He is the chairman of the Shapoorji Pallonji Group, a massive construction company that is responsible for most of the major buildings in Mumbai, including the Hong Kong & Shanghai Bank and the Standard Chartered Bank.","Pallonji Mistry és un multimilionari indi irlandès que té un valor net de 19.000 milions de dòlars. És el president del Shapoorji Pallonji Group, una empresa de construcció massiva que és responsable de la majoria dels edificis principals de Bombai, inclosos el Hong Kong & Shanghai Bank i el Standard Chartered Bank."
bio_jamesratcliffe,"James Ratcliffe is a British chemical engineer turned financier and industrialist who has a net worth of $19 billion. Former engineer, James Ratcliffe has been chairing Ineos Group, chemical powerhouse with an estimated turnover of $44 billion, since 1998. Now he only serves as CEO of the company that has grown through acquisitions and partnerships.","James Ratcliffe és un enginyer químic britànic convertit en financer i industrial que té un patrimoni net de 19.000 milions de dòlars. L'antic enginyer James Ratcliffe presideix el grup Ineos, la potència química amb una facturació estimada de 44.000 milions de dòlars, des de 1998. Ara només exerceix com a conseller delegat de l'empresa que ha crescut mitjançant adquisicions i associacions."
bio_sheikhkhalifabinzayedalnahyan,"Khalifa bin Zayed bin Sultan Al Nahyan was the president of the United Arab Emirates, the supreme commander of the United Arab Emirates Armed Forces, and the Emir of Abu Dhabi. At the time of his death, Sheikh Khalifa Bin Zayed Al Nahyan had a net worth of $18 billion dollars.","Khalifa bin Zayed bin Sultan Al Nahyan era el president dels Emirats Àrabs Units, el comandant suprem de les Forces Armades dels Emirats Àrabs Units i l'emir d'Abu Dhabi. En el moment de la seva mort, el xeic Khalifa Bin Zayed Al Nahyan tenia un patrimoni net de 18.000 milions de dòlars."
bio_donaldbren,Donald Bren is an American businessman who has a net worth of $18 billion. Donald Bren is the chairman of the Irvine Group and is widely regarded as the wealthiest real estate developer in the United States,Donald Bren és un empresari nord-americà que té un valor net de 18.000 milions de dòlars. Donald Bren és el president del grup Irvine i és àmpliament considerat com el promotor immobiliari més ric dels Estats Units.
bio_david&simonreuben,"David & Simon Reuben are British businessmen and philanthropists who have a net worth of $18 billion. David and Simon first joined together in their Trans World group, which turned into the third largest metal producer in the world after they bought up more than half of Russia's aluminium industry.","David i Simon Reuben són empresaris i filantrops britànics que tenen un patrimoni net de 18.000 milions de dòlars. David i Simon es van unir per primera vegada al seu grup Trans World, que es va convertir en el tercer productor de metall més gran del món després de comprar més de la meitat de la indústria de l'alumini de Rússia."
bio_lakshmimittal,"Lakshmi Mittal is an Indian steel magnate who has a net worth of $18 billion. Based in the U.K., Lakshmi Mittal is the chairman and former CEO of the second-largest largest steel making company in the world, ArcelorMittal, and he serves as chairman of Aperam, a stainless steel manufacturer.","Lakshmi Mittal és un magnat de l'acer indi que té un valor net de 18.000 milions de dòlars. Amb seu al Regne Unit, Lakshmi Mittal és el president i antic conseller delegat de la segona empresa de fabricació d'acer més gran del món, ArcelorMittal, i exerceix de president d'Aperam, un fabricant d'acer inoxidable."
bio_alisherusmanov,"Alisher Usmanov is an Uzbek-born Russian businessman who has a net worth of $18 billion. Alisher Usmanov has earned his net worth from mining, lumber, and various other investments. He is the majority shareholder of the Russian industrial conglomerate Metalloinvest, which he founded to manage Gazprom's metals interests.","Alisher Usmanov és un empresari rus nascut a l'Uzbek que té un patrimoni net de 18.000 milions de dòlars. Alisher Usmanov ha guanyat el seu patrimoni net amb la mineria, la fusta i diverses altres inversions. És l'accionista majoritari del conglomerat industrial rus Metalloinvest, que va fundar per gestionar els interessos de metalls de Gazprom."
bio_viktorvekselberg,"Viktor Vekselberg is a businessman who has a net worth of $17 billion dollars which makes him one of the richest people in Russia. He began building up his fortune with copper and aluminum smelting businesses, and then moved to oil production. He became co-owner and chairman of Tyumen Oil in the mid-90s, and then brokered a deal with multinational oil company, BP. ","Viktor Vekselberg és un home de negocis que té un patrimoni net de 17.000 milions de dòlars, cosa que el converteix en una de les persones més riques de Rússia. Va començar a construir la seva fortuna amb empreses de fosa de coure i alumini, i després es va traslladar a la producció de petroli. Es va convertir en copropietari i president de Tyumen Oil a mitjans dels anys 90, i després va negociar un acord amb la multinacional petroliera BP. "